Rank;Sourceid;Title;Type;Issn;SJR;SJR Quartile;H index;Total Docs. (2004);Total Docs. (3years);Total Refs.;Total Cites (3years);Citable Docs. (3years);Cites / Doc. (2years);Ref. / Doc.;Country;Region;Publisher;Coverage;Categories
1;12872;"Cognitive Psychology";journal;"10955623, 00100285";3,564;Q1;123;21;61;1514;288;61;4,25;72,10;United States;Northern America;"Academic Press Inc.";"1970-2021";"Artificial Intelligence (Q1); Developmental and Educational Psychology (Q1); Experimental and Cognitive Psychology (Q1); Linguistics and Language (Q1); Neuropsychology and Physiological Psychology (Q1)"
2;23127;"Journal of the ACM";journal;"00045411, 1557735X";3,073;Q1;131;33;120;1005;480;119;2,90;30,45;United States;Northern America;"Association for Computing Machinery (ACM)";"1954-2021";"Artificial Intelligence (Q1); Control and Systems Engineering (Q1); Hardware and Architecture (Q1); Information Systems (Q1); Software (Q1)"
3;22478;"Journal of Memory and Language";journal;"10960821, 0749596X";3,032;Q1;156;64;200;3319;748;200;3,53;51,86;United States;Northern America;"Academic Press Inc.";"1985-2021";"Artificial Intelligence (Q1); Experimental and Cognitive Psychology (Q1); Linguistics and Language (Q1); Neuropsychology and Physiological Psychology (Q1)"
4;24254;"IEEE Transactions on Pattern Analysis and Machine Intelligence";journal;"01628828";2,210;Q1;377;157;439;4795;3420;424;7,44;30,54;United States;Northern America;"IEEE Computer Society";"1978-2021";"Applied Mathematics (Q1); Artificial Intelligence (Q1); Computational Theory and Mathematics (Q1); Computer Vision and Pattern Recognition (Q1); Software (Q1)"
5;12874;"Cognitive Science";journal;"03640213, 15516709";1,710;Q1;120;42;96;2157;295;89;2,72;51,36;United States;Northern America;"Wiley-Blackwell";"1977-2021";"Artificial Intelligence (Q1); Experimental and Cognitive Psychology (Q1); Cognitive Neuroscience (Q2)"
6;20969;"Journal of Machine Learning Research";journal;"15337928, 15324435";1,691;Q1;221;113;87;3815;659;86;6,08;33,76;United States;Northern America;"Microtome Publishing";"2001-2021";"Artificial Intelligence (Q1); Control and Systems Engineering (Q1); Software (Q1); Statistics and Probability (Q1)"
7;24242;"IEEE Transactions on Fuzzy Systems";journal;"10636706";1,628;Q1;202;78;231;1953;810;220;2,73;25,04;United States;Northern America;"Institute of Electrical and Electronics Engineers Inc.";"1993-2021";"Applied Mathematics (Q1); Artificial Intelligence (Q1); Computational Theory and Mathematics (Q1); Control and Systems Engineering (Q1)"
8;24775;"Machine Learning";journal;"15730565, 08856125";1,448;Q1;153;43;157;1543;815;145;4,60;35,88;Netherlands;Western Europe;"Springer Netherlands";"1986-2021";"Artificial Intelligence (Q1); Software (Q1)"
9;72242;"International Journal of Computer Vision";journal;"09205691, 15731405";1,419;Q1;201;61;180;2098;770;167;4,28;34,39;Netherlands;Western Europe;"Springer Netherlands";"1987-2021";"Artificial Intelligence (Q1); Computer Vision and Pattern Recognition (Q1); Software (Q1)"
10;21100235616;"IEEE Transactions on Neural Networks and Learning Systems";journal;"2162237X, 21622388";1,103;Q1;221;137;443;4395;1641;408;3,78;32,08;United States;Northern America;"IEEE Computational Intelligence Society";"2012-2021";"Artificial Intelligence (Q1); Computer Networks and Communications (Q1); Computer Science Applications (Q1); Software (Q1)"
11;18050;"International Journal of Robotics Research";journal;"02783649, 17413176";1,096;Q1;170;73;187;2106;476;179;2,12;28,85;United States;Northern America;"SAGE Publications Inc.";"1982-2021";"Applied Mathematics (Q1); Artificial Intelligence (Q1); Electrical and Electronic Engineering (Q1); Mechanical Engineering (Q1); Modeling and Simulation (Q1); Software (Q1)"
12;24804;"Neural Networks";journal;"08936080, 18792782";0,948;Q1;154;104;336;3820;828;323;2,30;36,73;United Kingdom;Western Europe;"Elsevier Ltd.";"1988-2021";"Artificial Intelligence (Q1); Cognitive Neuroscience (Q3)"
13;28424;"Theory and Practice of Logic Programming";journal;"14753081, 14710684";0,948;Q1;46;21;70;888;145;69;2,64;42,29;United Kingdom;Western Europe;"Cambridge University Press";"2001-2021";"Artificial Intelligence (Q1); Computational Theory and Mathematics (Q1); Hardware and Architecture (Q1); Software (Q1); Theoretical Computer Science (Q1)"
14;23675;"Artificial Intelligence";journal;"00043702";0,916;Q1;155;66;219;2386;769;215;3,50;36,15;Netherlands;Western Europe;"Elsevier";"1970-2022";"Artificial Intelligence (Q1); Linguistics and Language (Q1)"
15;12795;"Perception";journal;"14684233, 03010066";0,905;Q1;94;115;380;3509;446;347;1,00;30,51;United States;Northern America;"SAGE Publications Inc.";"1972-2021";"Artificial Intelligence (Q1); Ophthalmology (Q1); Experimental and Cognitive Psychology (Q2); Sensory Systems (Q2)"
16;24358;"Journal of Heuristics";journal;"13811231, 15729397";0,893;Q1;67;27;84;850;126;82;1,47;31,48;Netherlands;Western Europe;"Springer Netherlands";"1995-2021";"Artificial Intelligence (Q1); Computer Networks and Communications (Q1); Control and Optimization (Q1); Information Systems (Q1); Software (Q1); Management Science and Operations Research (Q2)"
17;26529;"Fuzzy Sets and Systems";journal;"01650114";0,870;Q1;174;218;868;5259;1103;833;1,13;24,12;Netherlands;Western Europe;"Elsevier";"1978-2021";"Artificial Intelligence (Q1); Logic (Q1)"
18;24286;"International Journal of Approximate Reasoning";journal;"0888613X, 18734731";0,857;Q1;100;36;113;962;139;97;1,17;26,72;United States;Northern America;"Elsevier Inc.";"1974, 1987-2021";"Artificial Intelligence (Q1); Software (Q1); Theoretical Computer Science (Q1); Applied Mathematics (Q2)"
19;23629;"AI Magazine";journal;"07384602";0,834;Q1;79;38;128;822;308;123;1,85;21,63;United States;Northern America;"AI Access Foundation";"1984-1986, 1989-2020";"Artificial Intelligence (Q1)"
20;18016;"Autonomous Robots";journal;"15737527, 09295593";0,834;Q1;117;30;135;1100;371;126;2,80;36,67;Netherlands;Western Europe;"Springer Netherlands";"1994-2021";"Artificial Intelligence (Q1)"
21;24157;"Autonomous Agents and Multi-Agent Systems";journal;"15737454, 13872532";0,794;Q1;72;16;58;851;218;57;3,60;53,19;Netherlands;Western Europe;"Springer Netherlands";"1998-2021";"Artificial Intelligence (Q1)"
22;24823;"Pattern Recognition";journal;"00313203";0,785;Q1;218;203;667;4900;1727;666;2,59;24,14;United Kingdom;Western Europe;"Elsevier Ltd.";"1968-2022";"Artificial Intelligence (Q1); Computer Vision and Pattern Recognition (Q1); Signal Processing (Q1); Software (Q1)"
23;26801;"Computational Linguistics";journal;"08912017, 15309312";0,780;Q1;103;18;60;685;272;59;4,65;38,06;United States;Northern America;"MIT Press Journals";"1985, 1996-2021";"Artificial Intelligence (Q1); Computer Science Applications (Q1); Linguistics and Language (Q1)"
24;110111;"IEEE Intelligent Systems";journal;"15411672";0,775;Q1;129;81;306;706;975;285;2,30;8,72;United States;Northern America;"Institute of Electrical and Electronics Engineers Inc.";"2001-2021";"Artificial Intelligence (Q1); Computer Networks and Communications (Q1)"
25;36450;"Design Studies";journal;"0142694X";0,772;Q1;98;30;108;889;146;91;1,05;29,63;United Kingdom;Western Europe;"Elsevier Ltd.";"1979-2021";"Architecture (Q1); Artificial Intelligence (Q1); Arts and Humanities (miscellaneous) (Q1); Computer Science Applications (Q1); Engineering (miscellaneous) (Q1); Social Sciences (miscellaneous) (Q1)"
26;24330;"Journal of Artificial Intelligence Research";journal;"10769757";0,742;Q2;123;34;97;1422;369;96;3,66;41,82;United States;Northern America;"Morgan Kaufmann Publishers, Inc.";"1993, 1996-2021";"Artificial Intelligence (Q2)"
27;21100437357;"Extended Abstracts of International Workshop on Gate Insulator, IWGI 2001";conference and proceedings;"-";0,700;-;9;0;52;0;43;51;0,00;0,00;United States;Northern America;"";"";"Artificial Intelligence; Control and Systems Engineering; Human-Computer Interaction"
28;21100432470;"2001 Topical Meeting on Silicon Monolithic Integrated Circuits in RF Systems, SiRF 2001";conference and proceedings;"-";0,666;-;10;0;44;0;52;42;0,00;0,00;United States;Northern America;"";"";"Artificial Intelligence; Computer Networks and Communications; Computer Science Applications; Computers in Earth Sciences; Control and Systems Engineering; Instrumentation; Signal Processing"
29;19400157504;"IJCAI International Joint Conference on Artificial Intelligence";conference and proceedings;"10450823";0,653;-;142;0;494;0;1113;492;1,80;0,00;United States;Northern America;"";"";"Artificial Intelligence"
30;24142;"Artificial Life";journal;"10645462, 15309185";0,634;Q2;57;28;62;840;123;57;2,05;30,00;United States;Northern America;"MIT Press Journals";"1995, 1997-2021";"Artificial Intelligence (Q2); Biochemistry, Genetics and Molecular Biology (miscellaneous) (Q2)"
31;19294;"Journal of Scheduling";journal;"10946136";0,624;Q2;64;25;76;575;82;76;0,96;23,00;United States;Northern America;"Springer New York";"1998-2021";"Engineering (miscellaneous) (Q1); Artificial Intelligence (Q2); Management Science and Operations Research (Q2); Software (Q2)"
32;24774;"Knowledge Engineering Review";journal;"14698005, 02698889";0,604;Q2;64;12;60;1067;117;59;1,63;88,92;United Kingdom;Western Europe;"Cambridge University Press";"1984, 1987-2021";"Artificial Intelligence (Q2); Software (Q2)"
33;24363;"Journal of Intelligent Manufacturing";journal;"15728145, 09565515";0,595;Q2;85;64;124;1668;121;118;0,84;26,06;Netherlands;Western Europe;"Springer Netherlands";"1990-2021";"Industrial and Manufacturing Engineering (Q1); Artificial Intelligence (Q2); Software (Q2)"
34;26803;"Journal of Pragmatics";journal;"03782166";0,567;Q2;103;86;231;3303;173;218;0,72;38,41;Netherlands;Western Europe;"Elsevier";"1977-2021";"Linguistics and Language (Q1); Artificial Intelligence (Q2)"
35;24326;"International Journal of Uncertainty, Fuzziness and Knowlege-Based Systems";journal;"02184885";0,565;Q2;61;62;172;1344;173;168;0,82;21,68;Singapore;Asiatic Region;"World Scientific Publishing Co. Pte Ltd";"1996-2021";"Control and Systems Engineering (Q1); Artificial Intelligence (Q2); Information Systems (Q2); Software (Q2)"
36;24201;"Expert Systems with Applications";journal;"09574174";0,563;Q2;225;112;195;3094;382;193;1,95;27,63;United Kingdom;Western Europe;"Elsevier Ltd.";"1990-2022";"Engineering (miscellaneous) (Q1); Artificial Intelligence (Q2); Computer Science Applications (Q2)"
37;24361;"Journal of Intelligent Information Systems";journal;"15737675, 09259902";0,562;Q2;57;24;83;657;149;76;1,47;27,38;Netherlands;Western Europe;"Springer Netherlands";"1992-2021";"Artificial Intelligence (Q2); Computer Networks and Communications (Q2); Hardware and Architecture (Q2); Information Systems (Q2); Software (Q2)"
38;78337;"Proceedings of the National Conference on Artificial Intelligence";conference and proceedings;"-";0,545;-;129;195;179;2822;320;178;1,79;14,47;United States;Northern America;"American Association for Artificial Intelligence (AAAI) Press";"1993-1994, 1996-1999, 2002, 2004-2008, 2010-2012, 2014-2015";"Artificial Intelligence; Software"
39;23670;"Annals of Mathematics and Artificial Intelligence";journal;"15737470, 10122443";0,542;Q2;56;43;139;1282;168;137;1,08;29,81;Netherlands;Western Europe;"Springer Netherlands";"1990-2021";"Applied Mathematics (Q2); Artificial Intelligence (Q2)"
40;24825;"Pattern Recognition Letters";journal;"01678655";0,531;Q2;163;172;599;3291;1041;599;1,69;19,13;Netherlands;Western Europe;"Elsevier";"1982-2021";"Artificial Intelligence (Q2); Computer Vision and Pattern Recognition (Q2); Signal Processing (Q2); Software (Q2)"
41;24207;"Fuzzy Optimization and Decision Making";journal;"15732908, 15684539";0,529;Q2;56;20;40;381;46;38;1,15;19,05;United States;Northern America;"Springer New York";"2002-2021";"Logic (Q1); Artificial Intelligence (Q2); Software (Q2)"
42;24305;"International Journal of Intelligent Systems";journal;"1098111X, 08848173";0,527;Q2;92;73;216;1478;232;207;0,93;20,25;United Kingdom;Western Europe;"John Wiley and Sons Ltd";"1986-2021";"Human-Computer Interaction (Q1); Artificial Intelligence (Q2); Software (Q2); Theoretical Computer Science (Q2)"
43;25456;"Proceedings - IEEE International Conference on Robotics and Automation";conference and proceedings;"10504729";0,527;-;190;861;2099;13098;3426;2088;1,68;15,21;United States;Northern America;"Institute of Electrical and Electronics Engineers Inc.";"1984-1985, 1991-2020";"Artificial Intelligence; Control and Systems Engineering; Electrical and Electronic Engineering; Software"
44;28380;"Natural Language Engineering";journal;"14698110, 13513249";0,506;Q2;57;16;55;525;111;55;1,64;32,81;United Kingdom;Western Europe;"Cambridge University Press";"1995-2021";"Linguistics and Language (Q1); Artificial Intelligence (Q2); Software (Q2)"
45;21100416196;"ROSE 2003 - 1st IEEE International Workshop on Robotic Sensing 2003: Sensing and Perception in 21st Century Robotics";conference and proceedings;"-";0,503;-;5;0;11;0;13;10;1,18;0,00;United States;Northern America;"";"";"Electrical and Electronic Engineering"
46;25621;"Journal of Parallel and Distributed Computing";journal;"07437315, 10960848";0,499;Q2;92;103;277;2895;425;263;1,55;28,11;United States;Northern America;"Academic Press Inc.";"1984-2022";"Artificial Intelligence (Q2); Computer Networks and Communications (Q2); Hardware and Architecture (Q2); Software (Q2); Theoretical Computer Science (Q2)"
47;24140;"Artificial Intelligence in Medicine";journal;"09333657, 18732860";0,495;Q2;93;53;152;1732;307;146;1,78;32,68;Netherlands;Western Europe;"Elsevier";"1989-2021";"Artificial Intelligence (Q2); Medicine (miscellaneous) (Q2)"
48;23640;"Advanced Engineering Informatics";journal;"14740346";0,493;Q2;90;20;71;560;79;66;0,72;28,00;United Kingdom;Western Europe;"Elsevier Ltd.";"2002-2021";"Artificial Intelligence (Q2); Information Systems (Q2)"
49;26138;"Parallel Computing";journal;"01678191";0,492;Q2;69;68;274;1530;426;262;1,40;22,50;Netherlands;Western Europe;"Elsevier";"1984-2021";"Artificial Intelligence (Q2); Computer Graphics and Computer-Aided Design (Q2); Computer Networks and Communications (Q2); Hardware and Architecture (Q2); Software (Q2); Theoretical Computer Science (Q3)"
50;23737;"Computational Intelligence";journal;"08247935, 14678640";0,491;Q2;53;33;92;920;132;79;1,43;27,88;United Kingdom;Western Europe;"Wiley-Blackwell Publishing Ltd";"1985-2021";"Artificial Intelligence (Q2); Computational Mathematics (Q3)"
51;23678;"Artificial Intelligence for Engineering Design, Analysis and Manufacturing: AIEDAM";journal;"08900604, 14691760";0,458;Q2;54;22;81;904;65;75;0,78;41,09;United Kingdom;Western Europe;"Cambridge University Press";"1987-2021";"Industrial and Manufacturing Engineering (Q1); Artificial Intelligence (Q2)"
52;21100455168;"Proceedings - IEEE Computer Society Bioinformatics Conference, CSB 2002";conference and proceedings;"-";0,455;-;12;0;45;0;47;44;1,04;0,00;United States;Northern America;"";"";"Electrical and Electronic Engineering"
53;24175;"Constraints";journal;"15729354, 13837133";0,445;Q2;46;13;57;327;56;54;1,11;25,15;Netherlands;Western Europe;"Springer Netherlands";"1996-2021";"Artificial Intelligence (Q2); Software (Q2); Computational Theory and Mathematics (Q3); Discrete Mathematics and Combinatorics (Q3)"
54;15134;"Information Sciences";journal;"00200255";0,445;Q2;194;179;399;3573;388;384;0,93;19,96;United States;Northern America;"Elsevier Inc.";"1968-2022";"Artificial Intelligence (Q2); Control and Systems Engineering (Q2); Information Systems and Management (Q2); Software (Q2); Computer Science Applications (Q3); Theoretical Computer Science (Q3)"
55;145636;"Proceedings of the International Conference on Autonomous Agents";conference and proceedings;"-";0,415;-;75;0;525;0;939;520;1,74;0,00;United States;Northern America;"";"";"Artificial Intelligence; Computer Networks and Communications; Software; Theoretical Computer Science"
56;21100285028;"IEEE Transactions on Human-Machine Systems";journal;"21682291";0,414;Q2;127;51;157;1963;254;134;1,21;38,49;United States;Northern America;"IEEE Systems, Man, and Cybernetics Society";"2013-2021";"Artificial Intelligence (Q2); Computer Networks and Communications (Q2); Control and Systems Engineering (Q2); Human-Computer Interaction (Q2); Human Factors and Ergonomics (Q2); Computer Science Applications (Q3); Signal Processing (Q3)"
57;21100241771;"Proceedings - IEEE 2002 Symposia on Human Centric Computing Languages and Environments, HCC 2002";conference and proceedings;"-";0,414;-;10;0;44;0;36;43;0,82;0,00;United States;Northern America;"";"";"Artificial Intelligence; Control and Systems Engineering"
58;24822;"Pattern Analysis and Applications";journal;"1433755X, 14337541";0,413;Q2;58;33;79;1171;120;78;1,39;35,48;United Kingdom;Western Europe;"Springer London";"1998-2021";"Artificial Intelligence (Q2); Computer Vision and Pattern Recognition (Q2)"
59;145333;"Proceedings - IEEE International High-Level Design Validation and Test Workshop, HLDVT";conference and proceedings;"15526674";0,411;-;21;34;89;404;85;86;0,95;11,88;United States;Northern America;"";"";"Artificial Intelligence; Computer Science Applications; Engineering (miscellaneous); Software; Theoretical Computer Science"
60;24354;"Journal of Automated Reasoning";journal;"15730670, 01687433";0,405;Q2;56;21;91;587;65;87;0,70;27,95;Netherlands;Western Europe;"Springer Netherlands";"1985-2021";"Artificial Intelligence (Q2); Software (Q2); Computational Theory and Mathematics (Q3)"
61;12886;"Cognitive Systems Research";journal;"13890417";0,403;Q3;56;14;70;747;99;66;1,33;53,36;Netherlands;Western Europe;"Elsevier";"1999-2021";"Artificial Intelligence (Q3); Experimental and Cognitive Psychology (Q3); Cognitive Neuroscience (Q4)"
62;23635;"Adaptive Behavior";journal;"17412633, 10597123";0,397;-;54;18;51;526;46;36;0,78;29,22;United Kingdom;Western Europe;"SAGE Publications Ltd";"1992-2021";"Behavioral Neuroscience (Q4); Experimental and Cognitive Psychology (Q4)"
63;24802;"Neural Network World";journal;"23364335, 12100552";0,385;Q3;27;44;143;656;78;137;0,59;14,91;Czech Republic;Eastern Europe;"Czech Technical University in Prague";"1994-2021";"Hardware and Architecture (Q2); Software (Q2); Artificial Intelligence (Q3); Neuroscience (miscellaneous) (Q3)"
64;24806;"Neural Processing Letters";journal;"13704621, 1573773X";0,368;Q3;58;27;120;543;114;116;1,01;20,11;Netherlands;Western Europe;"Springer Netherlands";"1994-2021";"Computer Networks and Communications (Q2); Artificial Intelligence (Q3); Neuroscience (miscellaneous) (Q3); Software (Q3)"
65;19270;"International Journal of Software Engineering and Knowledge Engineering";journal;"02181940";0,367;Q3;36;31;99;830;116;93;0,52;26,77;Singapore;Asiatic Region;"World Scientific Publishing Co. Pte Ltd";"1996-2021";"Computer Graphics and Computer-Aided Design (Q2); Computer Networks and Communications (Q2); Artificial Intelligence (Q3); Software (Q3)"
66;15631;"International Journal of Information Management";journal;"02684012";0,365;-;132;40;107;1076;108;89;0,71;26,90;United Kingdom;Western Europe;"Elsevier Ltd.";"1970, 1986-2022";"Computer Networks and Communications (Q2); Library and Information Sciences (Q2); Information Systems (Q3)"
67;24807;"Neurocomputing";journal;"09252312";0,360;Q3;157;295;814;4850;697;795;0,94;16,44;Netherlands;Western Europe;"Elsevier";"1989-2021";"Artificial Intelligence (Q3); Computer Science Applications (Q3); Cognitive Neuroscience (Q4)"
68;21100421874;"IEMDC 2003 - IEEE International Electric Machines and Drives Conference";conference and proceedings;"-";0,357;-;30;0;299;0;140;296;0,47;0,00;United States;Northern America;"";"";"Artificial Intelligence; Computer Science Applications; Software"
69;24141;"Artificial Intelligence Review";journal;"02692821, 15737462";0,356;Q3;86;26;77;777;96;73;1,31;29,88;Netherlands;Western Europe;"Springer Netherlands";"1986-2021";"Linguistics and Language (Q1); Artificial Intelligence (Q3)"
70;15435;"Journal of Consciousness Studies";journal;"20512201, 13558250";0,346;Q3;67;70;205;2638;168;182;0,64;37,69;United Kingdom;Western Europe;"Imprint Academic";"1996-2021";"Philosophy (Q1); Psychology (miscellaneous) (Q2); Artificial Intelligence (Q3); Ecology, Evolution, Behavior and Systematics (Q3)"
71;23674;"Applied Intelligence";journal;"0924669X, 15737497";0,344;Q3;72;39;109;1008;108;102;0,75;25,85;Netherlands;Western Europe;"Springer Netherlands";"1991-2021";"Artificial Intelligence (Q3)"
72;24173;"Connection Science";journal;"13600494, 09540091";0,330;Q3;44;18;49;543;60;46;0,89;30,17;United Kingdom;Western Europe;"Taylor and Francis AS";"1989-2021";"Artificial Intelligence (Q3); Human-Computer Interaction (Q3); Software (Q3)"
73;24772;"Knowledge-Based Systems";journal;"09507051";0,329;Q3;135;30;150;588;159;145;1,07;19,60;Netherlands;Western Europe;"Elsevier";"1987-2021";"Management Information Systems (Q2); Artificial Intelligence (Q3); Information Systems and Management (Q3); Software (Q3)"
74;21100396287;"Proceedings of the International Workshop on Recognition, Analysis, and Tracking of Faces and Gestures in Real-Time Systems";conference and proceedings;"15301044";0,328;-;13;0;27;0;39;26;0,00;0,00;United States;Northern America;"";"";"Artificial Intelligence; Computer Vision and Pattern Recognition; Signal Processing; Software"
75;21100455709;"Proceedings - 4th IEEE International Conference on Multimodal Interfaces, ICMI 2002";conference and proceedings;"-";0,319;-;23;0;88;0;139;87;1,58;0,00;United States;Northern America;"";"";"Engineering (miscellaneous); Geometry and Topology; Modeling and Simulation"
76;24357;"Journal of Experimental and Theoretical Artificial Intelligence";journal;"13623079, 0952813X";0,308;Q3;45;14;75;435;65;75;1,08;31,07;United Kingdom;Western Europe;"Taylor and Francis Ltd.";"1989-2021";"Artificial Intelligence (Q3); Software (Q3); Theoretical Computer Science (Q3)"
77;23673;"Applied Artificial Intelligence";journal;"10876545, 08839514";0,297;Q3;59;46;128;1380;120;127;0,92;30,00;United Kingdom;Western Europe;"Taylor and Francis Ltd.";"1987-2021";"Artificial Intelligence (Q3)"
78;23617;"AI Communications";journal;"09217126";0,295;Q3;40;25;66;517;59;61;0,81;20,68;Netherlands;Western Europe;"IOS Press BV";"1987-2021";"Artificial Intelligence (Q3)"
79;21100241770;"Proceedings - 2003 IEEE Symposium on Human Centric Computing Languages and Environments, HCC 2003";conference and proceedings;"-";0,289;-;11;0;62;0;39;61;0,63;0,00;United States;Northern America;"";"";"Artificial Intelligence; Control and Systems Engineering"
80;12409;"Multidimensional Systems and Signal Processing";journal;"15730824, 09236082";0,271;Q3;41;20;63;388;44;52;0,49;19,40;Netherlands;Western Europe;"Springer Netherlands";"1990-2021";"Applied Mathematics (Q3); Artificial Intelligence (Q3); Computer Science Applications (Q3); Hardware and Architecture (Q3); Information Systems (Q3); Signal Processing (Q3); Software (Q3)"
81;24306;"Digital Signal Processing: A Review Journal";journal;"10954333, 10512004";0,270;-;79;40;96;691;68;92;0,66;17,28;United States;Northern America;"Elsevier Inc.";"1991-2022";"Electrical and Electronic Engineering (Q2); Signal Processing (Q3)"
82;24310;"International Journal of Pattern Recognition and Artificial Intelligence";journal;"02180014";0,264;Q3;57;81;226;2094;208;188;0,79;25,85;Singapore;Asiatic Region;"World Scientific Publishing Co. Pte Ltd";"1995-2021";"Artificial Intelligence (Q3); Computer Vision and Pattern Recognition (Q3); Software (Q3)"
83;12981;"Kybernetes";journal;"0368492X";0,252;Q3;43;137;377;1654;83;367;0,20;12,07;United Kingdom;Western Europe;"Emerald Group Publishing Ltd.";"1972-2021";"Computer Science (miscellaneous) (Q2); Electrical and Electronic Engineering (Q2); Engineering (miscellaneous) (Q2); Social Sciences (miscellaneous) (Q2); Artificial Intelligence (Q3); Control and Systems Engineering (Q3); Information Systems (Q3); Software (Q3); Theoretical Computer Science (Q4)"
84;24449;"Kybernetika";journal;"00235954, 1805949X";0,250;Q3;38;50;156;1031;42;156;0,28;20,62;Czech Republic;Eastern Europe;"Academy of Sciences of the Czech Republic";"1972-1989, 1996-2021";"Electrical and Electronic Engineering (Q2); Artificial Intelligence (Q3); Control and Systems Engineering (Q3); Information Systems (Q3); Software (Q3); Theoretical Computer Science (Q4)"
85;21100422031;"2003 IEEE/LEOS International Conference on Optical MEMS";conference and proceedings;"-";0,243;-;10;0;85;0;41;84;0,48;0,00;United States;Northern America;"";"";"Artificial Intelligence; Computer Graphics and Computer-Aided Design; Computer Networks and Communications; Computer Science Applications"
86;24182;"Engineering Applications of Artificial Intelligence";journal;"09521976";0,242;Q3;114;82;182;1886;169;180;0,69;23,00;United Kingdom;Western Europe;"Elsevier Ltd.";"1988-2021";"Electrical and Electronic Engineering (Q2); Artificial Intelligence (Q3); Control and Systems Engineering (Q3)"
87;110565;"IEEE International Conference on Fuzzy Systems";conference and proceedings;"10987584";0,237;-;61;304;928;4539;419;919;0,52;14,93;United States;Northern America;"Institute of Electrical and Electronics Engineers Inc.";"1994-2009, 2011-2015, 2017-2021";"Applied Mathematics; Artificial Intelligence; Software; Theoretical Computer Science"
88;144690;"Proceedings - IEEE International Workshop on Robot and Human Interactive Communication";conference and proceedings;"-";0,236;-;59;119;276;1313;177;271;0,87;11,03;United States;Northern America;"";"";"Artificial Intelligence; Human-Computer Interaction; Software"
89;21100348303;"Proceedings - International Symposium on Mixed and Augmented Reality, ISMAR 2002";conference and proceedings;"-";0,236;-;25;0;42;0;108;41;2,57;0,00;United States;Northern America;"";"";"Artificial Intelligence; Computer Science Applications"
90;25482;"International Journal of Robotics and Automation";journal;"19257090, 08268185";0,233;Q3;26;25;24;468;4;20;0,17;18,72;Canada;Northern America;"ACTA Press";"1995-2021";"Mechanical Engineering (Q2); Artificial Intelligence (Q3); Control and Systems Engineering (Q3); Electrical and Electronic Engineering (Q3); Modeling and Simulation (Q3); Software (Q3)"
91;24360;"Journal of Intelligent and Robotic Systems: Theory and Applications";journal;"15730409, 09210296";0,233;Q3;82;45;205;932;129;201;0,55;20,71;Netherlands;Western Europe;"Springer Netherlands";"1988-2021";"Industrial and Manufacturing Engineering (Q2); Mechanical Engineering (Q2); Artificial Intelligence (Q3); Control and Systems Engineering (Q3); Electrical and Electronic Engineering (Q3); Software (Q3)"
92;15109;"IEICE Transactions on Information and Systems";journal;"17451361, 09168532";0,228;Q3;50;361;767;5971;411;695;0,51;16,54;Japan;Asiatic Region;"Maruzen Co., Ltd/Maruzen Kabushikikaisha";"1993-2021";"Artificial Intelligence (Q3); Computer Vision and Pattern Recognition (Q3); Electrical and Electronic Engineering (Q3); Hardware and Architecture (Q3); Software (Q3)"
93;71051;"Psyche";journal;"1039723X";0,225;Q3;18;8;53;66;12;52;0,25;8,25;United States;Northern America;"Association for the Scientific Study of Conciousness";"1997-1998, 2000-2010";"Philosophy (Q2); Artificial Intelligence (Q3); Cognitive Neuroscience (Q4); Experimental and Cognitive Psychology (Q4)"
94;21100291854;"International IEEE/EMBS Conference on Neural Engineering, NER";conference and proceedings;"19483546";0,223;-;26;0;174;0;96;173;0,55;0,00;United States;Northern America;"";"";"Artificial Intelligence; Mechanical Engineering"
95;23917;"Journal of Intelligent and Fuzzy Systems";journal;"18758967, 10641246";0,213;Q3;64;26;84;479;42;81;0,54;18,42;Netherlands;Western Europe;"IOS Press BV";"1993-2021";"Engineering (miscellaneous) (Q2); Artificial Intelligence (Q3); Statistics and Probability (Q4)"
96;24809;"Journal of Memetics";journal;"13664786";0,212;Q3;15;4;15;113;9;14;0,69;28,25;United Kingdom;Western Europe;"Manchester Metropolitan University";"1997-2005";"Anthropology (Q2); Philosophy (Q2); Artificial Intelligence (Q3); Ecology, Evolution, Behavior and Systematics (Q4)"
97;24241;"Neural Networks for Signal Processing - Proceedings of the IEEE Workshop";conference and proceedings;"-";0,212;-;32;0;228;0;153;224;0,69;0,00;United States;Northern America;"";"";"Electrical and Electronic Engineering; Signal Processing; Software"
98;21100456138;"Proceedings - 5th International Symposium on Autonomous Decentralized Systems, ISADS 2001";conference and proceedings;"-";0,209;-;13;0;64;0;41;63;0,00;0,00;United States;Northern America;"";"";"Electrical and Electronic Engineering; Electronic, Optical and Magnetic Materials"
99;15552;"Microprocessors and Microsystems";journal;"01419331";0,208;Q3;41;55;145;1024;118;142;0,76;18,62;Netherlands;Western Europe;"Elsevier";"1978-2021";"Artificial Intelligence (Q3); Computer Networks and Communications (Q3); Hardware and Architecture (Q3); Software (Q3)"
100;19700169508;"Proceedings of the 7th International Conference on 3D Web Technology, Web3D '02";conference and proceedings;"-";0,207;-;13;0;24;0;51;23;2,13;0,00;United States;Northern America;"";"";"Artificial Intelligence; Computer Networks and Communications"
101;24777;"Minds and Machines";journal;"09246495, 15728641";0,205;Q4;44;26;93;870;56;83;0,68;33,46;Netherlands;Western Europe;"Springer Netherlands";"1991-2021";"Philosophy (Q2); Artificial Intelligence (Q4)"
102;21100446414;"Proceedings - 5th IEEE International Workshop on Networked Appliances, IWNA 2002";conference and proceedings;"-";0,200;-;6;0;31;0;9;29;0,29;0,00;United States;Northern America;"";"";"Artificial Intelligence; Computer Science Applications"
103;21100456704;"Proceedings - 2nd Australasian User Interface Conference, AUIC 2001";conference and proceedings;"-";0,198;-;6;0;19;0;5;18;0,00;0,00;United States;Northern America;"";"";"Artificial Intelligence; Business, Management and Accounting (miscellaneous); Computer Networks and Communications; Computer Science Applications"
104;21100569458;"Gamma Titanium Aluminides 2003";conference and proceedings;"-";0,196;-;4;0;12;0;2;12;0,17;0,00;United States;Northern America;"";"";"Artificial Intelligence; Control and Systems Engineering"
105;24800;"Neural Computing and Applications";journal;"09410643, 14333058";0,188;Q4;94;41;92;974;54;87;0,28;23,76;United Kingdom;Western Europe;"Springer London";"1993-2021";"Software (Q3); Artificial Intelligence (Q4)"
106;96537;"Proceedings of the International Joint Conference on Neural Networks";conference and proceedings;"-";0,188;-;82;0;1651;0;792;1640;0,48;0,00;United States;Northern America;"Institute of Electrical and Electronics Engineers Inc.";"1993, 1999-2003, 2005, 2008-2020";"Artificial Intelligence; Software"
107;21100219906;"Proceedings of the Workshop on Virtual Environments, EGVE'03";conference and proceedings;"-";0,183;-;18;0;45;0;52;44;1,16;0,00;United States;Northern America;"";"";"Artificial Intelligence"
108;18197;"Integrated Computer-Aided Engineering";journal;"10692509, 18758835";0,182;Q4;45;27;86;704;54;80;0,46;26,07;Netherlands;Western Europe;"IOS Press BV";"1993-2021";"Software (Q3); Artificial Intelligence (Q4); Computational Theory and Mathematics (Q4); Computer Science Applications (Q4); Theoretical Computer Science (Q4)"
109;11600154611;"ACM International Conference Proceeding Series";conference and proceedings;"-";0,178;-;128;607;449;9561;178;438;0,40;15,75;United States;Northern America;"Association for Computing Machinery (ACM)";"1996-1997, 1999-2021";"Artificial Intelligence; Computer Networks and Communications; Computer Vision and Pattern Recognition; Human-Computer Interaction; Software"
110;11300153726;"Intelligent Data Analysis";journal;"1088467X, 15714128";0,177;Q4;48;40;111;892;60;93;0,57;22,30;Netherlands;Western Europe;"IOS Press BV";"1997-2021";"Artificial Intelligence (Q4); Computer Vision and Pattern Recognition (Q4); Theoretical Computer Science (Q4)"
111;13880;"Artificial Intelligence and Law";journal;"09248463, 15728382";0,175;Q4;41;17;38;518;26;34;0,27;30,47;Netherlands;Western Europe;"Springer Netherlands";"1992-1993, 1995-2021";"Law (Q2); Artificial Intelligence (Q4)"
112;21100455723;"Proceedings - 3rd International Workshop on Web Site Evolution, WSE 2001";conference and proceedings;"-";0,173;-;9;0;17;0;21;16;0,00;0,00;United States;Northern America;"";"";"Artificial Intelligence; Computer Networks and Communications; Computer Science Applications; Computers in Earth Sciences; Control and Systems Engineering; Instrumentation; Signal Processing"
113;99254;"Proceedings of the International Conference on Artificial Intelligence and Law";conference and proceedings;"-";0,173;-;34;0;81;0;49;79;0,67;0,00;United States;Northern America;"";"";"Artificial Intelligence; Law; Software"
114;24185;"Expert Systems";journal;"14680394, 02664720";0,172;Q4;41;16;92;434;21;65;0,25;27,13;United Kingdom;Western Europe;"Wiley-Blackwell Publishing Ltd";"1984-2021";"Control and Systems Engineering (Q3); Artificial Intelligence (Q4); Computational Theory and Mathematics (Q4); Theoretical Computer Science (Q4)"
115;21100453512;"VIMS 2002 - 2002 IEEE International Symposium on Virtual and Intelligent Measurement Systems: Distributed Intelligent Sensing for Advanced Integrated Virtual Environments";conference and proceedings;"-";0,172;-;6;0;26;0;19;25;0,73;0,00;United States;Northern America;"";"";"Software"
116;21100495588;"PowerCon 2002 - 2002 International Conference on Power System Technology, Proceedings";conference and proceedings;"-";0,169;-;0;0;2;0;0;0;0,00;0,00;United States;Northern America;"";"";"Artificial Intelligence; Computer Science Applications; Computer Vision and Pattern Recognition; Software"
117;19700182681;"Proceedings - IEEE/WIC International Conference on Intelligent Agent Technology, IAT'03";conference and proceedings;"-";0,169;-;15;0;110;0;70;108;0,64;0,00;United States;Northern America;"";"";"Artificial Intelligence"
118;21100348315;"Proceedings - 2nd IEEE and ACM International Symposium on Mixed and Augmented Reality, ISMAR 2003";conference and proceedings;"-";0,168;-;29;0;79;0;120;78;1,52;0,00;United States;Northern America;"";"";"Artificial Intelligence; Computer Science Applications"
119;21100420105;"Proceedings - IEEE/WIC International Conference on Web Intelligence, WI 2003";conference and proceedings;"-";0,168;-;18;0;128;0;105;127;0,82;0,00;United States;Northern America;"";"";"Computer Networks and Communications; Signal Processing"
120;21100416604;"Structural Health Monitoring 2003: From Diagnostics and Prognostics to Structural Health Management - Proceedings of the 4th International Workshop on Structural Health Monitoring, IWSHM 2003";conference and proceedings;"-";0,167;-;17;0;186;0;67;184;0,36;0,00;United States;Northern America;"";"";"Artificial Intelligence; Computer Science Applications; Information Systems; Software"
121;21100429986;"ART 2002 - 1st IEEE International Augmented Reality Toolkit Workshop, Proceedings";conference and proceedings;"-";0,165;-;11;0;31;0;34;30;1,10;0,00;United States;Northern America;"";"";"Energy Engineering and Power Technology; Fuel Technology; Renewable Energy, Sustainability and the Environment"
122;21100455487;"2002 1st International IEEE Symposium";conference and proceedings;"-";0,164;-;10;0;79;0;37;77;0,47;0,00;United States;Northern America;"";"";"Electrical and Electronic Engineering; Hardware and Architecture; Software"
123;13427;"Bulletin of the Polish Academy of Sciences: Technical Sciences";journal;"23001917, 02397528";0,164;Q4;44;42;0;651;0;0;0,00;15,50;Poland;Eastern Europe;"Polish Academy of Sciences";"1983-1988, 2004-2021";"Engineering (miscellaneous) (Q2); Computer Networks and Communications (Q3); Artificial Intelligence (Q4); Atomic and Molecular Physics, and Optics (Q4); Information Systems (Q4)"
124;21100455477;"2002 International Symposium on Optical Memory and Optical Data Storage Topical Meeting, ISOM/ODS 2002 - Joint International Symposium on Optical Memory and Optical Data Storage 2002, Technical Digest";conference and proceedings;"-";0,163;-;8;0;167;0;47;166;0,28;0,00;United States;Northern America;"";"";"Artificial Intelligence; Control and Systems Engineering; Electrical and Electronic Engineering; Hardware and Architecture"
125;21100455744;"Proceedings - 3rd Workshop on Omnidirectional Vision, OMNIVIS 2002";conference and proceedings;"-";0,157;-;10;0;18;0;15;17;0,83;0,00;United States;Northern America;"";"";"Artificial Intelligence; Computer Graphics and Computer-Aided Design; Computer Vision and Pattern Recognition; Hardware and Architecture"
126;21100204931;"Sistemi Intelligenti";journal;"11209550, 19738226";0,157;Q4;7;24;102;1185;12;94;0,08;49,38;Italy;Western Europe;"Il Mulino publishing house";"1997-2021";"Linguistics and Language (Q2); Artificial Intelligence (Q4); Cognitive Neuroscience (Q4); Experimental and Cognitive Psychology (Q4)"
127;12962;"Journal of Intelligent Systems";journal;"03341860, 2191026X";0,149;Q4;21;15;24;277;8;24;0,13;18,47;Germany;Western Europe;"Walter de Gruyter GmbH";"1991-2002, 2004-2021";"Artificial Intelligence (Q4); Information Systems (Q4); Software (Q4)"
128;21100432087;"MHS 2002 - Proceedings of 2002 International Symposium on Micromechatronics and Human Science";conference and proceedings;"-";0,149;-;8;0;46;0;10;43;0,22;0,00;United States;Northern America;"";"";"Biomedical Engineering; Control and Systems Engineering; Education; Electrical and Electronic Engineering"
129;21100565822;"ACM International Workshop on Data Warehousing and OLAP (DOLAP)";conference and proceedings;"-";0,148;-;4;0;6;0;5;4;0,83;0,00;United States;Northern America;"";"";"Artificial Intelligence; Control and Systems Engineering; Electrical and Electronic Engineering; Hardware and Architecture"
130;21100411629;"Web Intelligence";journal;"24056464, 24056456";0,148;Q4;24;21;18;598;12;17;0,67;28,48;Netherlands;Western Europe;"IOS Press BV";"2015-2020";"Artificial Intelligence (Q4); Computer Networks and Communications (Q4); Software (Q4)"
131;21100434726;"Joint 4th IEEE International Conference on ATM, ICATM 2001 and High Speed Intelligent Internet Symposium";conference and proceedings;"-";0,146;-;6;0;70;0;11;66;0,00;0,00;United States;Northern America;"";"";"Artificial Intelligence; Computer Science Applications; Media Technology"
132;23616;"AI and Society";journal;"09515666, 14355655";0,144;Q4;33;22;82;551;9;78;0,05;25,05;United Kingdom;Western Europe;"Springer London";"1987-1996, 1998-2021";"Philosophy (Q2); Artificial Intelligence (Q4); Human-Computer Interaction (Q4)"
133;25507;"Informatica (Slovenia)";journal;"18543871, 03505596";0,142;Q4;36;52;172;959;41;164;0,24;18,44;Slovenia;Eastern Europe;"Slovene Society Informatika";"1995-2021";"Artificial Intelligence (Q4); Computer Science Applications (Q4); Software (Q4); Theoretical Computer Science (Q4)"
134;21100216327;"ICEIS 2001 - Proceedings of the 3rd International Conference on Enterprise Information Systems";conference and proceedings;"-";0,139;-;15;0;526;0;138;519;0,34;0,00;Portugal;Western Europe;"";"";"Information Systems"
135;21100455901;"2001 International Conferences on Info-Tech and Info-Net: A Key to Better Life, ICII 2001 - Proceedings";conference and proceedings;"-";0,135;-;12;0;303;0;75;299;0,00;0,00;United States;Northern America;"";"";"Electrical and Electronic Engineering; Hardware and Architecture; Software"
136;21100416608;"Proceedings - 3rd International Conference on WEB Delivering of Music, WEDELMUSIC 2003";conference and proceedings;"-";0,135;-;8;0;28;0;19;27;0,68;0,00;United States;Northern America;"";"";"Artificial Intelligence"
137;21100422037;"Foundations of Intrusion Tolerant Systems, OASIS 2003";conference and proceedings;"-";0,134;-;7;0;26;0;12;24;0,46;0,00;United States;Northern America;"";"";"Artificial Intelligence; Human-Computer Interaction; Signal Processing"
138;79015;"Kongzhi yu Juece/Control and Decision";journal;"10010920";0,133;Q4;45;291;321;2476;66;321;0,26;8,51;China;Asiatic Region;"Northeast University";"1997-2021";"Control and Systems Engineering (Q3); Artificial Intelligence (Q4); Control and Optimization (Q4); Software (Q4)"
139;145264;"Transactions of the Japanese Society for Artificial Intelligence";journal;"13460714";0,133;Q4;17;59;177;987;38;177;0,15;16,73;Japan;Asiatic Region;"Japanese Society for Artificial Intelligence";"2001-2021";"Artificial Intelligence (Q4); Software (Q4)"
140;25476;"Intelligent Automation and Soft Computing";journal;"10798587, 2326005X";0,132;Q4;28;28;76;522;10;75;0,16;18,64;United States;Northern America;"Tech Science Press";"1995-2022";"Artificial Intelligence (Q4); Computational Theory and Mathematics (Q4); Software (Q4); Theoretical Computer Science (Q4)"
141;21100403783;"Proceedings of the 2nd International Workshop on Robot Motion and Control, RoMoCo 2001";conference and proceedings;"-";0,132;-;9;0;48;0;13;47;0,00;0,00;United States;Northern America;"";"";"Computer Science Applications; Education; Electrical and Electronic Engineering; Instrumentation"
142;12931;"Cybernetics and Systems";journal;"10876553, 01969722";0,128;Q4;41;47;117;871;86;115;0,61;18,53;United Kingdom;Western Europe;"Taylor and Francis Ltd.";"1980-2021";"Artificial Intelligence (Q4); Information Systems (Q4); Software (Q4)"
143;21100434730;"Proceedings - 4th International Conference on Computational Intelligence and Multimedia Applications, ICCIMA 2001";conference and proceedings;"-";0,128;-;6;0;67;0;14;66;0,00;0,00;United States;Northern America;"";"";"Biotechnology; Civil and Structural Engineering; Clinical Biochemistry; Computer Networks and Communications; Electronic, Optical and Magnetic Materials; Materials Chemistry; Mechanics of Materials; Surfaces, Coatings and Films"
144;21100455194;"Proceedings - 1st IEEE International Conference on Cognitive Informatics, ICCI 2002";conference and proceedings;"-";0,127;-;10;0;43;0;28;42;0,65;0,00;United States;Northern America;"";"";"Artificial Intelligence; Biomedical Engineering; Health Informatics; Software"
145;21100416602;"Proceedings - 5th International Conference on Computational Intelligence and Multimedia Applications, ICCIMA 2003";conference and proceedings;"-";0,126;-;14;0;81;0;19;80;0,23;0,00;United States;Northern America;"";"";"Engineering (miscellaneous)"
146;19700182707;"Virtual Modelling and Rapid Manufacturing - Advanced Research in Virtual and Rapid Prototyping";conference and proceedings;"-";0,126;-;8;0;97;0;11;95;0,11;0,00;United States;Northern America;"";"";"Artificial Intelligence; Industrial and Manufacturing Engineering; Software"
147;21100435462;"ANZIIS 2001 - Proceedings of the 7th Australian and New Zealand Intelligent Information Systems Conference";conference and proceedings;"-";0,125;-;10;0;82;0;19;81;0,00;0,00;United States;Northern America;"";"";"Human-Computer Interaction"
148;21100419242;"ISAPE 2003 - 2003 6th International Symposium on Antennas, Propagation and EM Theory, Proceedings";conference and proceedings;"-";0,125;-;9;0;213;0;21;210;0,10;0,00;United States;Northern America;"";"";"Artificial Intelligence; Computational Theory and Mathematics; Software"
149;21100454425;"Proceedings - 1st International Symposium on Cyber Worlds, CW 2002";conference and proceedings;"-";0,125;-;11;0;73;0;23;72;0,32;0,00;United States;Northern America;"";"";"Computer Vision and Pattern Recognition; Human-Computer Interaction; Linguistics and Language; Software"
150;21100415527;"SMCia 2003 - Proceedings of the 2003 IEEE International Workshop on Soft Computing in Industrial Applications";conference and proceedings;"-";0,125;-;7;0;31;0;21;30;0,68;0,00;United States;Northern America;"";"";"Computer Networks and Communications; Computer Science Applications; Health Informatics; Software"
151;21100775540;"2003 International Semiconductor Device Research Symposium, ISDRS 2003 - Proceedings";conference and proceedings;"-";0,121;-;0;0;1;0;0;1;0,00;0,00;United States;Northern America;"";"";"Artificial Intelligence; Computer Networks and Communications; Human-Computer Interaction; Information Systems; Information Systems and Management"
152;93922;"Proceedings of the IASTED International Conference on Artificial Intelligence and Soft Computing";conference and proceedings;"-";0,121;-;6;0;65;0;15;64;0,23;0,00;Canada;Northern America;"";"";"Artificial Intelligence; Development"
153;21100783334;"RISSP 2003";conference and proceedings;"-";0,121;-;1;0;1;0;0;1;0,00;0,00;United States;Northern America;"";"";"Artificial Intelligence; Information Systems; Software"
154;21100421707;"ACM SIGGRAPH 2002 Conference Abstracts and Applications, SIGGRAPH 2002";conference and proceedings;"-";0,118;-;13;0;249;0;52;248;0,21;0,00;United States;Northern America;"";"";"Artificial Intelligence; Linguistics and Language; Software"
155;21100455512;"Proceedings - 2002 IEEE International Conference on Artificial Intelligence Systems, ICAIS 2002";conference and proceedings;"-";0,118;-;9;0;98;0;19;97;0,19;0,00;United States;Northern America;"";"";"Computer Networks and Communications"
156;21100228091;"Proceedings - Brazilian Symposium on Neural Networks, SBRN";conference and proceedings;"15224899";0,118;-;15;0;58;0;20;57;0,34;0,00;United States;Northern America;"";"";"Artificial Intelligence; Computer Networks and Communications; Computer Science Applications; Control and Systems Engineering; Software"
157;24847;"Revue d'Intelligence Artificielle";journal;"0992499X";0,118;Q4;15;23;119;844;13;118;0,10;36,70;France;Western Europe;"Lavoisier";"1995-2021";"Artificial Intelligence (Q4); Software (Q4)"
158;12237;"Complexity International";journal;"13200682";0,117;Q4;16;22;12;447;7;12;0,58;20,32;Australia;Pacific Region;"Charles Sturt University";"1996-1998, 2000, 2002, 2004-2005, 2008";"Artificial Intelligence (Q4); Computer Networks and Communications (Q4); Software (Q4)"
159;56380;"IEEE/IAFE Conference on Computational Intelligence for Financial Engineering, Proceedings (CIFEr)";conference and proceedings;"-";0,116;-;17;0;59;0;11;58;0,19;0,00;United States;Northern America;"";"";"Applied Mathematics; Artificial Intelligence; Computer Science Applications; Finance; Software"
160;18056;"Jiqiren/Robot";journal;"10020446";0,116;Q4;27;95;242;0;37;242;0,15;0,00;China;Asiatic Region;"Chinese Academy of Sciences";"1998, 2001-2021";"Mechanical Engineering (Q3); Applied Mathematics (Q4); Artificial Intelligence (Q4); Electrical and Electronic Engineering (Q4); Modeling and Simulation (Q4); Software (Q4)"
161;19700169507;"Proceedings of the 6th International Conference on 3D Web Technology, Web3D '01";conference and proceedings;"-";0,116;-;7;0;15;0;11;14;0,00;0,00;United States;Northern America;"";"";"Artificial Intelligence; Computer Networks and Communications"
162;110747;"Proceedings of the International Conference on Artificial Intelligence IC-AI 2003";conference and proceedings;"-";0,116;-;7;0;162;0;38;160;0,23;0,00;United States;Northern America;"";"";"Artificial Intelligence"
163;21100569330;"Proceedings of the Annual Washington Ada Symposium and Summer ACM SIGADA Meeting";conference and proceedings;"-";0,115;-;2;0;8;0;4;7;0,50;0,00;United States;Northern America;"";"";"Artificial Intelligence; Control and Systems Engineering"
164;21100455192;"Proceedings - 10th International Workshop on Software Technology and Engineering Practice, STEP 2002";conference and proceedings;"-";0,112;-;7;0;28;0;8;23;0,29;0,00;United States;Northern America;"";"";"Artificial Intelligence; Computational Theory and Mathematics; Information Systems"
165;19700182912;"Robotics, Automation, Control and Manufacturing: Trends, Principles and Applications - Proceedings of the 5th Biannual World Automation Congress, WAC 2002, ISORA 2002, ISIAC 2002 and ISOMA 2002";conference and proceedings;"-";0,111;-;10;0;101;0;23;99;0,23;0,00;United States;Northern America;"";"";"Artificial Intelligence; Computer Vision and Pattern Recognition; Control and Systems Engineering"
166;21100416021;"Proceedings - International Conference on Coordinated and Multiple Views in Exploratory Visualization, CMV 2003, Associated and co-located with International Conference on Information Visualization, IV 2003";conference and proceedings;"-";0,110;-;8;0;14;0;12;13;0,86;0,00;United States;Northern America;"";"";"Artificial Intelligence; Computer Vision and Pattern Recognition; Signal Processing"
167;21100453518;"Proceedings - 20th Eurographics UK Conference, EGUK 2002";conference and proceedings;"-";0,109;-;6;0;22;0;6;21;0,27;0,00;United States;Northern America;"";"";"Artificial Intelligence; Computational Theory and Mathematics; Computer Science Applications"
168;21100421878;"Proceedings of the 2nd IEEE International Workshop on Intelligent Data Acquisition and Advanced Computing Systems: Technology and Applications, IDAACS 2003";conference and proceedings;"-";0,109;-;8;0;112;0;18;110;0,16;0,00;United States;Northern America;"";"";"Computer Science Applications; Software"
169;50103;"Proceedings of the IASTED International Conference on Intelligent Systems and Control";conference and proceedings;"10258973";0,109;-;9;80;88;878;16;87;0,18;10,98;Canada;Northern America;"ACTA Press";"2003-2004, 2006, 2008-2009, 2011, 2018";"Artificial Intelligence; Control and Systems Engineering; Modeling and Simulation; Software; Theoretical Computer Science"
170;87936;"Moshi Shibie yu Rengong Zhineng/Pattern Recognition and Artificial Intelligence";journal;"10036059";0,108;Q4;23;78;161;250;17;161;0,12;3,21;China;Asiatic Region;"";"2001-2021";"Artificial Intelligence (Q4); Computer Vision and Pattern Recognition (Q4); Software (Q4)"
171;79774;"Proceedings of the International Conference on Machine Learning; Models, Technologies and Applications";conference and proceedings;"-";0,108;-;7;0;47;0;10;46;0,21;0,00;United States;Northern America;"";"";"Artificial Intelligence"
172;79351;"International Conference on Machine Learning and Cybernetics";conference and proceedings;"-";0,107;-;22;0;660;0;95;655;0,14;0,00;China;Asiatic Region;"";"";"Artificial Intelligence"
173;21100415530;"VECIMS 2003 - 2003 International Symposium on Virtual Environments, Human-Computer Interfaces and Measurement Systems";conference and proceedings;"-";0,107;-;7;0;38;0;10;37;0,26;0,00;United States;Northern America;"";"";"Biomaterials; Electrical and Electronic Engineering; Electronic, Optical and Magnetic Materials; Materials Science (miscellaneous); Surfaces, Coatings and Films"
174;21100422035;"Proceedings - 2003 International Conference on Cyberworlds, CW 2003";conference and proceedings;"-";0,106;-;9;0;70;0;24;69;0,34;0,00;United States;Northern America;"";"";"Computer Networks and Communications; Hardware and Architecture; Software"
175;21100415588;"Proceedings - 2003 International Conference on Geometric Modeling and Graphics, GMAG 2003";conference and proceedings;"-";0,106;-;8;0;32;0;8;31;0,25;0,00;United States;Northern America;"";"";"Artificial Intelligence; Computational Theory and Mathematics; Industrial and Manufacturing Engineering; Software"
176;21100435149;"Proceedings of the 3rd International Workshop on Robot Motion and Control, RoMoCo 2002";conference and proceedings;"-";0,106;-;10;0;73;0;17;71;0,23;0,00;United States;Northern America;"";"";"Information Systems"
177;21100434980;"Proceedings - 27th Annual NASA Goddard Software Engineering Workshop, SEW 2002";conference and proceedings;"-";0,105;-;1;0;5;0;1;4;0,20;0,00;United States;Northern America;"";"";"Artificial Intelligence; Control and Systems Engineering"
178;21100435474;"Proceedings - 7th International Conference on Virtual Systems and Multimedia, VSMM 2001";conference and proceedings;"-";0,105;-;12;0;100;0;16;99;0,00;0,00;United States;Northern America;"";"";"Artificial Intelligence; Information Systems"
179;21100416603;"SCS 2003 - International Symposium on Signals, Circuits and Systems, Proceedings";conference and proceedings;"-";0,105;-;11;0;170;0;17;167;0,10;0,00;United States;Northern America;"";"";"Artificial Intelligence; Computer Science Applications; Media Technology"
180;21100419247;"NLP-KE 2003 - 2003 International Conference on Natural Language Processing and Knowledge Engineering, Proceedings";conference and proceedings;"-";0,104;-;12;0;136;0;32;133;0,24;0,00;United States;Northern America;"";"";"Engineering (miscellaneous)"
181;24811;"OGAI Journal (Oesterreichische Gesellschaft fuer Artificial Intelligence)";journal;"02544326";0,104;Q4;8;24;124;239;7;65;0,07;9,96;Austria;Western Europe;"Austrian Society for Artificial Intelligency";"1987, 1989, 2001-2009";"Artificial Intelligence (Q4); Software (Q4)"
182;21100454429;"Proceedings - Language Engineering Conference, LEC 2002";conference and proceedings;"-";0,104;-;7;0;25;0;8;24;0,32;0,00;United States;Northern America;"";"";"Artificial Intelligence; Computational Theory and Mathematics; Computer Graphics and Computer-Aided Design"
183;21100415533;"Proceedings - 5th International Workshop on Enterprise Networking and Computing in Healthcare Industry, HealthCom 2003";conference and proceedings;"-";0,102;-;8;0;25;0;8;24;0,32;0,00;United States;Northern America;"";"";"Artificial Intelligence; Control and Systems Engineering; Electrical and Electronic Engineering; Human-Computer Interaction"
184;21100432058;"VIMS 2001 - 2001 IEEE International Workshop on Virtual and Intelligent Measurement Systems: Integrating Heterogeneous Components into Composite Systems for Quantitative Intelligent Virtual Reality";conference and proceedings;"-";0,102;-;4;0;23;0;4;22;0,00;0,00;United States;Northern America;"";"";"Artificial Intelligence; Computer Networks and Communications; Computer Science Applications; Computers in Earth Sciences; Control and Systems Engineering; Instrumentation; Signal Processing"
185;21100390185;"2014 14th International Conference on Hybrid Intelligent Systems, HIS 2014";conference and proceedings;"-";0,101;-;5;0;24;0;0;24;0,00;0,00;United States;Northern America;"";"";"Artificial Intelligence; Information Systems; Software"
186;145544;"Journal of Semantics";journal;"01675133, 14774593";0,101;Q4;43;15;39;0;14;39;0,37;0,00;United Kingdom;Western Europe;"Oxford University Press";"1982-1986, 1990-2021";"Artificial Intelligence (Q4); Arts and Humanities (miscellaneous) (Q4); Linguistics and Language (Q4)"
187;27190;"Machine Translation";journal;"09226567, 15730573";0,101;Q4;31;3;29;101;9;29;0,32;33,67;Netherlands;Western Europe;"Springer Netherlands";"1989-2021";"Linguistics and Language (Q3); Artificial Intelligence (Q4); Software (Q4)"
188;21100416605;"Proceedings - 2nd IEEE International Conference on Cognitive Informatics, ICCI 2003";conference and proceedings;"-";0,101;-;10;0;30;0;11;29;0,37;0,00;United States;Northern America;"";"";"Computer Networks and Communications; Computer Science Applications"
189;24951;"Automatic Control and Computer Sciences (English translation of Avtomatika i Vychislitel'naya Tekhnika)";journal;"01324160";0,100;Q4;6;34;153;0;18;153;0,09;0,00;Russian Federation;Eastern Europe;"Izdatel'stvo Nauka";"1978-1980, 1991-2005";"Artificial Intelligence (Q4); Control and Systems Engineering (Q4)"
190;21100286449;"Civil-Comp Proceedings";journal;"17593433";0,100;Q4;13;0;71;0;0;69;0,00;0,00;United Kingdom;Western Europe;"Civil-Comp Press";"2003, 2005-2017";"Artificial Intelligence (Q4); Civil and Structural Engineering (Q4); Computational Theory and Mathematics (Q4); Environmental Engineering (Q4)"
191;20600195646;"IEEE International Conference on Computational Intelligence for Measurement Systems and Applications Proceedings";conference and proceedings;"21591555";0,100;-;11;0;43;0;6;42;0,14;0,00;United States;Northern America;"";"";"Artificial Intelligence; Control and Systems Engineering"
192;21100420809;"Proceedings of the 6th Chinese Optoelectronics Symposium, COES 2003";conference and proceedings;"-";0,100;-;4;0;80;0;0;78;0,00;0,00;United States;Northern America;"";"";"Artificial Intelligence; Computer Networks and Communications; Human-Computer Interaction; Information Systems; Information Systems and Management"
193;19500157321;"Frontiers in Artificial Intelligence and Applications";book series;"15356698, 09226389";;-;54;274;0;3457;0;0;0,00;12,62;Netherlands;Western Europe;"IOS Press BV";"2004-2021";"Artificial Intelligence"
194;24258;"Inteligencia Artificial";journal;"11373601";;-;13;38;0;1132;0;0;0,00;29,79;Spain;Western Europe;"Asociacion Espanola de Inteligencia Artificial";"2004-2010, 2012-2021";"Artificial Intelligence; Software"
195;144749;"International Journal of Advanced Robotic Systems";journal;"17298806";;-;51;31;0;477;0;0;0,00;15,39;United States;Northern America;"SAGE Publications Inc.";"2004-2021";"Artificial Intelligence; Computer Science Applications; Software"
196;12358;"International Journal of Fuzzy Systems";journal;"15622479, 21993211";;-;47;23;0;420;0;0;0,00;18,26;Switzerland;Western Europe;"Springer International Publishing AG";"2004-2021";"Artificial Intelligence; Computational Theory and Mathematics; Software; Theoretical Computer Science"
197;4700152208;"International Journal of Humanoid Robotics";journal;"02198436";;-;38;34;0;767;0;0;0,00;22,56;Singapore;Asiatic Region;"World Scientific Publishing Co. Pte Ltd";"2006-2021";"Artificial Intelligence; Mechanical Engineering"
198;19900193685;"International Journal of Knowledge-Based and Intelligent Engineering Systems";journal;"13272314, 18758827";;-;20;23;0;414;0;0;0,00;18,00;Netherlands;Western Europe;"IOS Press BV";"2004-2021";"Artificial Intelligence; Control and Systems Engineering; Software"
199;19700175219;"Iranian Journal of Fuzzy Systems";journal;"17350654";;-;32;12;0;173;0;0;0,00;14,42;Iran;Middle East;"University of Sistan and Baluchestan";"2004-2021";"Artificial Intelligence; Computer Science Applications; Information Systems and Management; Mathematics (miscellaneous)"
200;24805;"Neural, Parallel and Scientific Computations (discontinued)";journal;"10615369";;-;12;35;0;725;0;0;0,00;20,71;United States;Northern America;"Dynamic Publishers";"2004-2016";"Applied Mathematics; Artificial Intelligence; Computer Networks and Communications; Software; Theoretical Computer Science"
201;13017;"Physics of Life Reviews";journal;"18731457, 15710645";;-;67;11;0;1139;0;0;0,00;103,55;Netherlands;Western Europe;"Elsevier";"2004-2021";"Agricultural and Biological Sciences (miscellaneous); Artificial Intelligence; Physics and Astronomy (miscellaneous)"
202;110748;"Proceedings of the International Conference on Artificial Intelligence, IC-AI'04";conference and proceedings;"-";;-;14;183;0;2296;0;0;0,00;12,55;United States;Northern America;"";"2004-2005";"Engineering (miscellaneous)"
203;4900152703;"Springer Tracts in Advanced Robotics";book series;"16107438, 1610742X";;-;50;47;0;1140;0;0;0,00;24,26;Germany;Western Europe;"Springer Verlag";"2004-2021";"Artificial Intelligence; Electrical and Electronic Engineering"
